evarname,pvarname,n,e_table_name,p_table_name
DRDTSODI,TeloMean,3443,DRXTOT,TELO_A
DRDTSODI,TeloStd,3443,DRXTOT,TELO_A
DRXTALCO,TeloMean,3443,DRXTOT,TELO_A
DRXTALCO,TeloStd,3443,DRXTOT,TELO_A
DRXTCAFF,TeloMean,3443,DRXTOT,TELO_A
DRXTCAFF,TeloStd,3443,DRXTOT,TELO_A
DRXTCALC,TeloMean,3443,DRXTOT,TELO_A
DRXTCALC,TeloStd,3443,DRXTOT,TELO_A
DRXTCARB,TeloMean,3443,DRXTOT,TELO_A
DRXTCARB,TeloStd,3443,DRXTOT,TELO_A
DRXTCARO,TeloMean,3443,DRXTOT,TELO_A
DRXTCARO,TeloStd,3443,DRXTOT,TELO_A
DRXTCHOL,TeloMean,3443,DRXTOT,TELO_A
DRXTCHOL,TeloStd,3443,DRXTOT,TELO_A
DRXTCOPP,TeloMean,3443,DRXTOT,TELO_A
DRXTCOPP,TeloStd,3443,DRXTOT,TELO_A
DRXTFIBE,TeloMean,3443,DRXTOT,TELO_A
DRXTFIBE,TeloStd,3443,DRXTOT,TELO_A
DRXTFOLA,TeloMean,3443,DRXTOT,TELO_A
DRXTFOLA,TeloStd,3443,DRXTOT,TELO_A
DRXTIRON,TeloMean,3443,DRXTOT,TELO_A
DRXTIRON,TeloStd,3443,DRXTOT,TELO_A
DRXTKCAL,TeloMean,3443,DRXTOT,TELO_A
DRXTKCAL,TeloStd,3443,DRXTOT,TELO_A
DRXTM161,TeloMean,3443,DRXTOT,TELO_A
DRXTM161,TeloStd,3443,DRXTOT,TELO_A
DRXTM181,TeloMean,3443,DRXTOT,TELO_A
DRXTM181,TeloStd,3443,DRXTOT,TELO_A
DRXTM201,TeloMean,3443,DRXTOT,TELO_A
DRXTM201,TeloStd,3443,DRXTOT,TELO_A
DRXTM221,TeloMean,3443,DRXTOT,TELO_A
DRXTM221,TeloStd,3443,DRXTOT,TELO_A
DRXTMAGN,TeloMean,3443,DRXTOT,TELO_A
DRXTMAGN,TeloStd,3443,DRXTOT,TELO_A
DRXTMFAT,TeloMean,3443,DRXTOT,TELO_A
DRXTMFAT,TeloStd,3443,DRXTOT,TELO_A
DRXTNIAC,TeloMean,3443,DRXTOT,TELO_A
DRXTNIAC,TeloStd,3443,DRXTOT,TELO_A
DRXTP182,TeloMean,3443,DRXTOT,TELO_A
DRXTP182,TeloStd,3443,DRXTOT,TELO_A
DRXTP183,TeloMean,3443,DRXTOT,TELO_A
DRXTP183,TeloStd,3443,DRXTOT,TELO_A
DRXTP184,TeloMean,3443,DRXTOT,TELO_A
DRXTP184,TeloStd,3443,DRXTOT,TELO_A
DRXTP204,TeloMean,3443,DRXTOT,TELO_A
DRXTP204,TeloStd,3443,DRXTOT,TELO_A
DRXTP205,TeloMean,3443,DRXTOT,TELO_A
DRXTP205,TeloStd,3443,DRXTOT,TELO_A
DRXTP225,TeloMean,3443,DRXTOT,TELO_A
DRXTP225,TeloStd,3443,DRXTOT,TELO_A
DRXTP226,TeloMean,3443,DRXTOT,TELO_A
DRXTP226,TeloStd,3443,DRXTOT,TELO_A
DRXTPFAT,TeloMean,3443,DRXTOT,TELO_A
DRXTPFAT,TeloStd,3443,DRXTOT,TELO_A
DRXTPHOS,TeloMean,3443,DRXTOT,TELO_A
DRXTPHOS,TeloStd,3443,DRXTOT,TELO_A
DRXTPOTA,TeloMean,3443,DRXTOT,TELO_A
DRXTPOTA,TeloStd,3443,DRXTOT,TELO_A
DRXTPROT,TeloMean,3443,DRXTOT,TELO_A
DRXTPROT,TeloStd,3443,DRXTOT,TELO_A
DRXTS040,TeloMean,3443,DRXTOT,TELO_A
DRXTS040,TeloStd,3443,DRXTOT,TELO_A
DRXTS060,TeloMean,3443,DRXTOT,TELO_A
DRXTS060,TeloStd,3443,DRXTOT,TELO_A
DRXTS080,TeloMean,3443,DRXTOT,TELO_A
DRXTS080,TeloStd,3443,DRXTOT,TELO_A
DRXTS100,TeloMean,3443,DRXTOT,TELO_A
DRXTS100,TeloStd,3443,DRXTOT,TELO_A
DRXTS120,TeloMean,3443,DRXTOT,TELO_A
DRXTS120,TeloStd,3443,DRXTOT,TELO_A
DRXTS140,TeloMean,3443,DRXTOT,TELO_A
DRXTS140,TeloStd,3443,DRXTOT,TELO_A
DRXTS160,TeloMean,3443,DRXTOT,TELO_A
DRXTS160,TeloStd,3443,DRXTOT,TELO_A
DRXTS180,TeloMean,3443,DRXTOT,TELO_A
DRXTS180,TeloStd,3443,DRXTOT,TELO_A
DRXTSELE,TeloMean,3443,DRXTOT,TELO_A
DRXTSELE,TeloStd,3443,DRXTOT,TELO_A
DRXTSFAT,TeloMean,3443,DRXTOT,TELO_A
DRXTSFAT,TeloStd,3443,DRXTOT,TELO_A
DRXTTFAT,TeloMean,3443,DRXTOT,TELO_A
DRXTTFAT,TeloStd,3443,DRXTOT,TELO_A
DRXTTHEO,TeloMean,3443,DRXTOT,TELO_A
DRXTTHEO,TeloStd,3443,DRXTOT,TELO_A
DRXTVAIU,TeloMean,3443,DRXTOT,TELO_A
DRXTVAIU,TeloStd,3443,DRXTOT,TELO_A
DRXTVARE,TeloMean,3443,DRXTOT,TELO_A
DRXTVARE,TeloStd,3443,DRXTOT,TELO_A
DRXTVB1,TeloMean,3443,DRXTOT,TELO_A
DRXTVB1,TeloStd,3443,DRXTOT,TELO_A
DRXTVB12,TeloMean,3443,DRXTOT,TELO_A
DRXTVB12,TeloStd,3443,DRXTOT,TELO_A
DRXTVB2,TeloMean,3443,DRXTOT,TELO_A
DRXTVB2,TeloStd,3443,DRXTOT,TELO_A
DRXTVB6,TeloMean,3443,DRXTOT,TELO_A
DRXTVB6,TeloStd,3443,DRXTOT,TELO_A
DRXTVC,TeloMean,3443,DRXTOT,TELO_A
DRXTVC,TeloStd,3443,DRXTOT,TELO_A
DRXTVE,TeloMean,3443,DRXTOT,TELO_A
DRXTVE,TeloStd,3443,DRXTOT,TELO_A
DRXTWATE,TeloMean,3443,DRXTOT,TELO_A
DRXTWATE,TeloStd,3443,DRXTOT,TELO_A
DRXTZINC,TeloMean,3443,DRXTOT,TELO_A
DRXTZINC,TeloStd,3443,DRXTOT,TELO_A
HOQ065,TeloMean,3532,HOQ,TELO_A
HOQ065,TeloStd,3532,HOQ,TELO_A
LBDB12SI,TeloMean,3566,LAB06,TELO_A
LBDB12SI,TeloStd,3566,LAB06,TELO_A
LBXB12,TeloMean,3566,LAB06,TELO_A
LBXB12,TeloStd,3566,LAB06,TELO_A
LBXBCD,TeloMean,3565,LAB06,TELO_A
LBXBCD,TeloStd,3565,LAB06,TELO_A
LBXBPB,TeloMean,3565,LAB06,TELO_A
LBXBPB,TeloStd,3565,LAB06,TELO_A
LBXCOT,TeloMean,3480,LAB06,TELO_A
LBXCOT,TeloStd,3480,LAB06,TELO_A
LBXGTC,TeloMean,3092,LAB06,TELO_A
LBXGTC,TeloStd,3092,LAB06,TELO_A
LBXIHG,TeloMean,1007,LAB06,TELO_A
LBXIHG,TeloStd,1007,LAB06,TELO_A
LBXRPL,TeloMean,2848,LAB06,TELO_A
LBXRPL,TeloStd,2848,LAB06,TELO_A
LBXRST,TeloMean,2199,LAB06,TELO_A
LBXRST,TeloStd,2199,LAB06,TELO_A
LBXTHG,TeloMean,1009,LAB06,TELO_A
LBXTHG,TeloStd,1009,LAB06,TELO_A
LBXVIA,TeloMean,3557,LAB06,TELO_A
LBXVIA,TeloStd,3557,LAB06,TELO_A
LBXVIE,TeloMean,3519,LAB06,TELO_A
LBXVIE,TeloStd,3519,LAB06,TELO_A
URXUHG,TeloMean,990,LAB06,TELO_A
URXUHG,TeloStd,990,LAB06,TELO_A
LBDBHC,TeloMean,1135,LAB28POC,TELO_A
LBDBHC,TeloStd,1135,LAB28POC,TELO_A
LBX028,TeloMean,1108,LAB28POC,TELO_A
LBX028,TeloStd,1108,LAB28POC,TELO_A
LBX052,TeloMean,1147,LAB28POC,TELO_A
LBX052,TeloStd,1147,LAB28POC,TELO_A
LBX066,TeloMean,1156,LAB28POC,TELO_A
LBX066,TeloStd,1156,LAB28POC,TELO_A
LBX074,TeloMean,1150,LAB28POC,TELO_A
LBX074,TeloStd,1150,LAB28POC,TELO_A
LBX099,TeloMean,1142,LAB28POC,TELO_A
LBX099,TeloStd,1142,LAB28POC,TELO_A
LBX101,TeloMean,1155,LAB28POC,TELO_A
LBX101,TeloStd,1155,LAB28POC,TELO_A
LBX105,TeloMean,1146,LAB28POC,TELO_A
LBX105,TeloStd,1146,LAB28POC,TELO_A
LBX118,TeloMean,1153,LAB28POC,TELO_A
LBX118,TeloStd,1153,LAB28POC,TELO_A
LBX128,TeloMean,1154,LAB28POC,TELO_A
LBX128,TeloStd,1154,LAB28POC,TELO_A
LBX138,TeloMean,1155,LAB28POC,TELO_A
LBX138,TeloStd,1155,LAB28POC,TELO_A
LBX146,TeloMean,1152,LAB28POC,TELO_A
LBX146,TeloStd,1152,LAB28POC,TELO_A
LBX153,TeloMean,1152,LAB28POC,TELO_A
LBX153,TeloStd,1152,LAB28POC,TELO_A
LBX156,TeloMean,1140,LAB28POC,TELO_A
LBX156,TeloStd,1140,LAB28POC,TELO_A
LBX157,TeloMean,1140,LAB28POC,TELO_A
LBX157,TeloStd,1140,LAB28POC,TELO_A
LBX167,TeloMean,1139,LAB28POC,TELO_A
LBX167,TeloStd,1139,LAB28POC,TELO_A
LBX170,TeloMean,1058,LAB28POC,TELO_A
LBX170,TeloStd,1058,LAB28POC,TELO_A
LBX172,TeloMean,1139,LAB28POC,TELO_A
LBX172,TeloStd,1139,LAB28POC,TELO_A
LBX177,TeloMean,1119,LAB28POC,TELO_A
LBX177,TeloStd,1119,LAB28POC,TELO_A
LBX178,TeloMean,1157,LAB28POC,TELO_A
LBX178,TeloStd,1157,LAB28POC,TELO_A
LBX180,TeloMean,1155,LAB28POC,TELO_A
LBX180,TeloStd,1155,LAB28POC,TELO_A
LBX183,TeloMean,1157,LAB28POC,TELO_A
LBX183,TeloStd,1157,LAB28POC,TELO_A
LBX187,TeloMean,1157,LAB28POC,TELO_A
LBX187,TeloStd,1157,LAB28POC,TELO_A
LBXD01,TeloMean,1150,LAB28POC,TELO_A
LBXD01,TeloStd,1150,LAB28POC,TELO_A
LBXD03,TeloMean,1129,LAB28POC,TELO_A
LBXD03,TeloStd,1129,LAB28POC,TELO_A
LBXD04,TeloMean,1122,LAB28POC,TELO_A
LBXD04,TeloStd,1122,LAB28POC,TELO_A
LBXD05,TeloMean,1128,LAB28POC,TELO_A
LBXD05,TeloStd,1128,LAB28POC,TELO_A
LBXD07,TeloMean,1145,LAB28POC,TELO_A
LBXD07,TeloStd,1145,LAB28POC,TELO_A
LBXF01,TeloMean,1140,LAB28POC,TELO_A
LBXF01,TeloStd,1140,LAB28POC,TELO_A
LBXF02,TeloMean,1152,LAB28POC,TELO_A
LBXF02,TeloStd,1152,LAB28POC,TELO_A
LBXF03,TeloMean,1133,LAB28POC,TELO_A
LBXF03,TeloStd,1133,LAB28POC,TELO_A
LBXF04,TeloMean,1128,LAB28POC,TELO_A
LBXF04,TeloStd,1128,LAB28POC,TELO_A
LBXF05,TeloMean,1135,LAB28POC,TELO_A
LBXF05,TeloStd,1135,LAB28POC,TELO_A
LBXF06,TeloMean,1122,LAB28POC,TELO_A
LBXF06,TeloStd,1122,LAB28POC,TELO_A
LBXF07,TeloMean,1125,LAB28POC,TELO_A
LBXF07,TeloStd,1125,LAB28POC,TELO_A
LBXF08,TeloMean,1012,LAB28POC,TELO_A
LBXF08,TeloStd,1012,LAB28POC,TELO_A
LBXF10,TeloMean,1126,LAB28POC,TELO_A
LBXF10,TeloStd,1126,LAB28POC,TELO_A
LBXGHC,TeloMean,1040,LAB28POC,TELO_A
LBXGHC,TeloStd,1040,LAB28POC,TELO_A
LBXHCB,TeloMean,1019,LAB28POC,TELO_A
LBXHCB,TeloStd,1019,LAB28POC,TELO_A
LBXHPE,TeloMean,866,LAB28POC,TELO_A
LBXHPE,TeloStd,866,LAB28POC,TELO_A
LBXHXC,TeloMean,1134,LAB28POC,TELO_A
LBXHXC,TeloStd,1134,LAB28POC,TELO_A
LBXMIR,TeloMean,1092,LAB28POC,TELO_A
LBXMIR,TeloStd,1092,LAB28POC,TELO_A
LBXODT,TeloMean,912,LAB28POC,TELO_A
LBXODT,TeloStd,912,LAB28POC,TELO_A
LBXOXY,TeloMean,906,LAB28POC,TELO_A
LBXOXY,TeloStd,906,LAB28POC,TELO_A
LBXPCB,TeloMean,1131,LAB28POC,TELO_A
LBXPCB,TeloStd,1131,LAB28POC,TELO_A
LBXPDE,TeloMean,1169,LAB28POC,TELO_A
LBXPDE,TeloStd,1169,LAB28POC,TELO_A
LBXPDT,TeloMean,912,LAB28POC,TELO_A
LBXPDT,TeloStd,912,LAB28POC,TELO_A
LBXTC2,TeloMean,1127,LAB28POC,TELO_A
LBXTC2,TeloStd,1127,LAB28POC,TELO_A
LBXTCD,TeloMean,1134,LAB28POC,TELO_A
LBXTCD,TeloStd,1134,LAB28POC,TELO_A
LBXTNA,TeloMean,1161,LAB28POC,TELO_A
LBXTNA,TeloStd,1161,LAB28POC,TELO_A
LBDHBG,TeloMean,3563,Lab02,TELO_A
LBDHBG,TeloStd,3563,Lab02,TELO_A
LBDHCV,TeloMean,3567,Lab02,TELO_A
LBDHCV,TeloStd,3567,Lab02,TELO_A
LBDHD,TeloMean,3563,Lab02,TELO_A
LBDHD,TeloStd,3563,Lab02,TELO_A
LBXHBC,TeloMean,3563,Lab02,TELO_A
LBXHBC,TeloStd,3563,Lab02,TELO_A
LBXHCR,TeloMean,52,Lab02,TELO_A
LBXHCR,TeloStd,52,Lab02,TELO_A
LBDRUIU,TeloMean,1834,LAB19,TELO_A
LBDRUIU,TeloStd,1834,LAB19,TELO_A
LBXME,TeloMean,1834,LAB19,TELO_A
LBXME,TeloStd,1834,LAB19,TELO_A
LBXVAR,TeloMean,1834,LAB19,TELO_A
LBXVAR,TeloStd,1834,LAB19,TELO_A
LBXCD4,TeloMean,26,LAB03,TELO_A
LBXCD4,TeloStd,26,LAB03,TELO_A
LBXCD8,TeloMean,26,LAB03,TELO_A
LBXCD8,TeloStd,26,LAB03,TELO_A
LBXHA,TeloMean,3567,L02HPA_a,TELO_A
LBXHA,TeloStd,3567,L02HPA_a,TELO_A
LBXHBS,TeloMean,3561,L02HBS,TELO_A
LBXHBS,TeloStd,3561,L02HBS,TELO_A
LBXHDT,TeloMean,1679,TFA_A,TELO_A
LBXHDT,TeloStd,1679,TFA_A,TELO_A
LBXOD1,TeloMean,1672,TFA_A,TELO_A
LBXOD1,TeloStd,1672,TFA_A,TELO_A
LBXOD9,TeloMean,1646,TFA_A,TELO_A
LBXOD9,TeloStd,1646,TFA_A,TELO_A
LBXOTT,TeloMean,1651,TFA_A,TELO_A
LBXOTT,TeloStd,1651,TFA_A,TELO_A
LBXHE1,TeloMean,1823,lab09,TELO_A
LBXHE1,TeloStd,1823,lab09,TELO_A
LBXHE2,TeloMean,1823,lab09,TELO_A
LBXHE2,TeloStd,1823,lab09,TELO_A
LBXLA,TeloMean,2274,LAB07,TELO_A
LBXLA,TeloStd,2274,LAB07,TELO_A
LBXTO1,TeloMean,1834,LAB17,TELO_A
LBXTO1,TeloStd,1834,LAB17,TELO_A
LBXTO3,TeloMean,37,LAB17,TELO_A
LBXTO3,TeloStd,37,LAB17,TELO_A
LBXTO4,TeloMean,1834,LAB17,TELO_A
LBXTO4,TeloStd,1834,LAB17,TELO_A
LBXTO4IN,TeloMean,1834,LAB17,TELO_A
LBXTO4IN,TeloStd,1834,LAB17,TELO_A
LBXTO5,TeloMean,14,LAB17,TELO_A
LBXTO5,TeloStd,14,LAB17,TELO_A
LBXTO5IN,TeloMean,1834,LAB17,TELO_A
LBXTO5IN,TeloStd,1834,LAB17,TELO_A
LBXV3A,TeloMean,254,LAB04,TELO_A
LBXV3A,TeloStd,254,LAB04,TELO_A
LBXV4C,TeloMean,257,LAB04,TELO_A
LBXV4C,TeloStd,257,LAB04,TELO_A
LBXVBF,TeloMean,294,LAB04,TELO_A
LBXVBF,TeloStd,294,LAB04,TELO_A
LBXVBM,TeloMean,317,LAB04,TELO_A
LBXVBM,TeloStd,317,LAB04,TELO_A
LBXVBZ,TeloMean,267,LAB04,TELO_A
LBXVBZ,TeloStd,267,LAB04,TELO_A
LBXVCF,TeloMean,227,LAB04,TELO_A
LBXVCF,TeloStd,227,LAB04,TELO_A
LBXVCM,TeloMean,312,LAB04,TELO_A
LBXVCM,TeloStd,312,LAB04,TELO_A
LBXVCT,TeloMean,253,LAB04,TELO_A
LBXVCT,TeloStd,253,LAB04,TELO_A
LBXVDB,TeloMean,269,LAB04,TELO_A
LBXVDB,TeloStd,269,LAB04,TELO_A
LBXVEB,TeloMean,236,LAB04,TELO_A
LBXVEB,TeloStd,236,LAB04,TELO_A
LBXVME,TeloMean,256,LAB04,TELO_A
LBXVME,TeloStd,256,LAB04,TELO_A
LBXVOX,TeloMean,275,LAB04,TELO_A
LBXVOX,TeloStd,275,LAB04,TELO_A
LBXVST,TeloMean,251,LAB04,TELO_A
LBXVST,TeloStd,251,LAB04,TELO_A
LBXVTC,TeloMean,269,LAB04,TELO_A
LBXVTC,TeloStd,269,LAB04,TELO_A
LBXVTO,TeloMean,270,LAB04,TELO_A
LBXVTO,TeloStd,270,LAB04,TELO_A
LBXVXY,TeloMean,262,LAB04,TELO_A
LBXVXY,TeloStd,262,LAB04,TELO_A
PAQ_home_met,TeloMean,3461,PAQ,TELO_A
PAQ_home_met,TeloStd,3461,PAQ,TELO_A
PAQ_home_week,TeloMean,3461,PAQ,TELO_A
PAQ_home_week,TeloStd,3461,PAQ,TELO_A
PAQ_leisure_met,TeloMean,3466,PAQ,TELO_A
PAQ_leisure_met,TeloStd,3466,PAQ,TELO_A
PAQ_sedentary_activity_min_per_day,TeloMean,0,PAQ,TELO_A
PAQ_sedentary_activity_min_per_day,TeloStd,0,PAQ,TELO_A
PAQ_strengthening_days,TeloMean,3452,PAQ,TELO_A
PAQ_strengthening_days,TeloStd,3452,PAQ,TELO_A
PAQ_strengthening_met,TeloMean,3452,PAQ,TELO_A
PAQ_strengthening_met,TeloStd,3452,PAQ,TELO_A
PAQ_strengthening_week,TeloMean,3452,PAQ,TELO_A
PAQ_strengthening_week,TeloStd,3452,PAQ,TELO_A
PAQ_total_met,TeloMean,3400,PAQ,TELO_A
PAQ_total_met,TeloStd,3400,PAQ,TELO_A
PAQ_walk_days,TeloMean,3460,PAQ,TELO_A
PAQ_walk_days,TeloStd,3460,PAQ,TELO_A
PAQ_walk_days_per_week,TeloMean,3460,PAQ,TELO_A
PAQ_walk_days_per_week,TeloStd,3460,PAQ,TELO_A
PAQ_walk_met,TeloMean,3460,PAQ,TELO_A
PAQ_walk_met,TeloStd,3460,PAQ,TELO_A
PAQ_work_met,TeloMean,3564,PAQ,TELO_A
PAQ_work_met,TeloStd,3564,PAQ,TELO_A
walk_min_per_day,TeloMean,795,PAQ,TELO_A
walk_min_per_day,TeloStd,795,PAQ,TELO_A
SMD415,TeloMean,732,SMQFAM,TELO_A
SMD415,TeloStd,732,SMQFAM,TELO_A
SMD415A,TeloMean,708,SMQFAM,TELO_A
SMD415A,TeloStd,708,SMQFAM,TELO_A
SMD630,TeloMean,0,SMQMEC,TELO_A
SMD630,TeloStd,0,SMQMEC,TELO_A
SMQ670,TeloMean,0,SMQMEC,TELO_A
SMQ670,TeloStd,0,SMQMEC,TELO_A
SMQ725,TeloMean,744,SMQMEC,TELO_A
SMQ725,TeloStd,744,SMQMEC,TELO_A
SMQ817,TeloMean,31,SMQMEC,TELO_A
SMQ817,TeloStd,31,SMQMEC,TELO_A
SMQ840,TeloMean,10,SMQMEC,TELO_A
SMQ840,TeloStd,10,SMQMEC,TELO_A
SMQ_current_ever_never,TeloMean,3558,SMQ,TELO_A
SMQ_current_ever_never,TeloStd,3558,SMQ,TELO_A
SMQ_how_long_since_quit_years,TeloMean,971,SMQ,TELO_A
SMQ_how_long_since_quit_years,TeloStd,971,SMQ,TELO_A
URX24D,TeloMean,674,LAB26PP,TELO_A
URX24D,TeloStd,674,LAB26PP,TELO_A
URX25T,TeloMean,628,LAB26PP,TELO_A
URX25T,TeloStd,628,LAB26PP,TELO_A
URX4FP,TeloMean,670,LAB26PP,TELO_A
URX4FP,TeloStd,670,LAB26PP,TELO_A
URXCB3,TeloMean,583,LAB26PP,TELO_A
URXCB3,TeloStd,583,LAB26PP,TELO_A
URXCCC,TeloMean,673,LAB26PP,TELO_A
URXCCC,TeloStd,673,LAB26PP,TELO_A
URXCPM,TeloMean,683,LAB26PP,TELO_A
URXCPM,TeloStd,683,LAB26PP,TELO_A
URXDEE,TeloMean,676,LAB26PP,TELO_A
URXDEE,TeloStd,676,LAB26PP,TELO_A
URXDIZ,TeloMean,624,LAB26PP,TELO_A
URXDIZ,TeloStd,624,LAB26PP,TELO_A
URXMAL,TeloMean,660,LAB26PP,TELO_A
URXMAL,TeloStd,660,LAB26PP,TELO_A
URXOP1,TeloMean,671,LAB26PP,TELO_A
URXOP1,TeloStd,671,LAB26PP,TELO_A
URXOP2,TeloMean,671,LAB26PP,TELO_A
URXOP2,TeloStd,671,LAB26PP,TELO_A
URXOP3,TeloMean,670,LAB26PP,TELO_A
URXOP3,TeloStd,670,LAB26PP,TELO_A
URXOP4,TeloMean,671,LAB26PP,TELO_A
URXOP4,TeloStd,671,LAB26PP,TELO_A
URXOP5,TeloMean,671,LAB26PP,TELO_A
URXOP5,TeloStd,671,LAB26PP,TELO_A
URXOP6,TeloMean,671,LAB26PP,TELO_A
URXOP6,TeloStd,671,LAB26PP,TELO_A
URXOPM,TeloMean,684,LAB26PP,TELO_A
URXOPM,TeloStd,684,LAB26PP,TELO_A
URXPAR,TeloMean,682,LAB26PP,TELO_A
URXPAR,TeloStd,682,LAB26PP,TELO_A
URXTCC,TeloMean,678,LAB26PP,TELO_A
URXTCC,TeloStd,678,LAB26PP,TELO_A
URXDAZ,TeloMean,1174,PHPYPA,TELO_A
URXDAZ,TeloStd,1174,PHPYPA,TELO_A
URXDMA,TeloMean,1062,PHPYPA,TELO_A
URXDMA,TeloStd,1062,PHPYPA,TELO_A
URXEQU,TeloMean,1006,PHPYPA,TELO_A
URXEQU,TeloStd,1006,PHPYPA,TELO_A
URXETD,TeloMean,1163,PHPYPA,TELO_A
URXETD,TeloStd,1163,PHPYPA,TELO_A
URXETL,TeloMean,1175,PHPYPA,TELO_A
URXETL,TeloStd,1175,PHPYPA,TELO_A
URXGNS,TeloMean,1176,PHPYPA,TELO_A
URXGNS,TeloStd,1176,PHPYPA,TELO_A
URXMBP,TeloMean,1168,PHPYPA,TELO_A
URXMBP,TeloStd,1168,PHPYPA,TELO_A
URXMCP,TeloMean,1168,PHPYPA,TELO_A
URXMCP,TeloStd,1168,PHPYPA,TELO_A
URXMEP,TeloMean,1163,PHPYPA,TELO_A
URXMEP,TeloStd,1163,PHPYPA,TELO_A
URXMHP,TeloMean,1168,PHPYPA,TELO_A
URXMHP,TeloStd,1168,PHPYPA,TELO_A
URXMNP,TeloMean,1168,PHPYPA,TELO_A
URXMNP,TeloStd,1168,PHPYPA,TELO_A
URXMOP,TeloMean,1168,PHPYPA,TELO_A
URXMOP,TeloStd,1168,PHPYPA,TELO_A
URXMZP,TeloMean,1168,PHPYPA,TELO_A
URXMZP,TeloStd,1168,PHPYPA,TELO_A
URXP09,TeloMean,994,PHPYPA,TELO_A
URXP09,TeloStd,994,PHPYPA,TELO_A
URXUBA,TeloMean,1029,LAB06HM,TELO_A
URXUBA,TeloStd,1029,LAB06HM,TELO_A
URXUBE,TeloMean,1145,LAB06HM,TELO_A
URXUBE,TeloStd,1145,LAB06HM,TELO_A
URXUCO,TeloMean,1145,LAB06HM,TELO_A
URXUCO,TeloStd,1145,LAB06HM,TELO_A
URXUCS,TeloMean,1145,LAB06HM,TELO_A
URXUCS,TeloStd,1145,LAB06HM,TELO_A
URXUMO,TeloMean,1055,LAB06HM,TELO_A
URXUMO,TeloStd,1055,LAB06HM,TELO_A
URXUPB,TeloMean,1145,LAB06HM,TELO_A
URXUPB,TeloStd,1145,LAB06HM,TELO_A
URXUPT,TeloMean,1145,LAB06HM,TELO_A
URXUPT,TeloStd,1145,LAB06HM,TELO_A
URXUSB,TeloMean,1058,LAB06HM,TELO_A
URXUSB,TeloStd,1058,LAB06HM,TELO_A
URXUTL,TeloMean,1123,LAB06HM,TELO_A
URXUTL,TeloStd,1123,LAB06HM,TELO_A
URXUTU,TeloMean,1085,LAB06HM,TELO_A
URXUTU,TeloStd,1085,LAB06HM,TELO_A
URXUCL,TeloMean,1248,LAB05,TELO_A
URXUCL,TeloStd,1248,LAB05,TELO_A
URXUGC,TeloMean,1248,LAB05,TELO_A
URXUGC,TeloStd,1248,LAB05,TELO_A
DRDTSODI,TeloMean,4073,DRXTOT_B,TELO_B
DRDTSODI,TeloStd,4073,DRXTOT_B,TELO_B
DRXTACAR,TeloMean,4073,DRXTOT_B,TELO_B
DRXTACAR,TeloStd,4073,DRXTOT_B,TELO_B
DRXTALCO,TeloMean,4073,DRXTOT_B,TELO_B
DRXTALCO,TeloStd,4073,DRXTOT_B,TELO_B
DRXTATOC,TeloMean,4073,DRXTOT_B,TELO_B
DRXTATOC,TeloStd,4073,DRXTOT_B,TELO_B
DRXTBCAR,TeloMean,4073,DRXTOT_B,TELO_B
DRXTBCAR,TeloStd,4073,DRXTOT_B,TELO_B
DRXTCAFF,TeloMean,4073,DRXTOT_B,TELO_B
DRXTCAFF,TeloStd,4073,DRXTOT_B,TELO_B
DRXTCALC,TeloMean,4073,DRXTOT_B,TELO_B
DRXTCALC,TeloStd,4073,DRXTOT_B,TELO_B
DRXTCARB,TeloMean,4073,DRXTOT_B,TELO_B
DRXTCARB,TeloStd,4073,DRXTOT_B,TELO_B
DRXTCHOL,TeloMean,4073,DRXTOT_B,TELO_B
DRXTCHOL,TeloStd,4073,DRXTOT_B,TELO_B
DRXTCOPP,TeloMean,4073,DRXTOT_B,TELO_B
DRXTCOPP,TeloStd,4073,DRXTOT_B,TELO_B
DRXTCRYP,TeloMean,4073,DRXTOT_B,TELO_B
DRXTCRYP,TeloStd,4073,DRXTOT_B,TELO_B
DRXTFA,TeloMean,4073,DRXTOT_B,TELO_B
DRXTFA,TeloStd,4073,DRXTOT_B,TELO_B
DRXTFDFE,TeloMean,4073,DRXTOT_B,TELO_B
DRXTFDFE,TeloStd,4073,DRXTOT_B,TELO_B
DRXTFF,TeloMean,4073,DRXTOT_B,TELO_B
DRXTFF,TeloStd,4073,DRXTOT_B,TELO_B
DRXTFIBE,TeloMean,4073,DRXTOT_B,TELO_B
DRXTFIBE,TeloStd,4073,DRXTOT_B,TELO_B
DRXTFOLA,TeloMean,4073,DRXTOT_B,TELO_B
DRXTFOLA,TeloStd,4073,DRXTOT_B,TELO_B
DRXTIRON,TeloMean,4073,DRXTOT_B,TELO_B
DRXTIRON,TeloStd,4073,DRXTOT_B,TELO_B
DRXTKCAL,TeloMean,4073,DRXTOT_B,TELO_B
DRXTKCAL,TeloStd,4073,DRXTOT_B,TELO_B
DRXTLYCO,TeloMean,4073,DRXTOT_B,TELO_B
DRXTLYCO,TeloStd,4073,DRXTOT_B,TELO_B
DRXTLZ,TeloMean,4073,DRXTOT_B,TELO_B
DRXTLZ,TeloStd,4073,DRXTOT_B,TELO_B
DRXTM161,TeloMean,4073,DRXTOT_B,TELO_B
DRXTM161,TeloStd,4073,DRXTOT_B,TELO_B
DRXTM181,TeloMean,4073,DRXTOT_B,TELO_B
DRXTM181,TeloStd,4073,DRXTOT_B,TELO_B
DRXTM201,TeloMean,4073,DRXTOT_B,TELO_B
DRXTM201,TeloStd,4073,DRXTOT_B,TELO_B
DRXTM221,TeloMean,4073,DRXTOT_B,TELO_B
DRXTM221,TeloStd,4073,DRXTOT_B,TELO_B
DRXTMAGN,TeloMean,4073,DRXTOT_B,TELO_B
DRXTMAGN,TeloStd,4073,DRXTOT_B,TELO_B
DRXTMFAT,TeloMean,4073,DRXTOT_B,TELO_B
DRXTMFAT,TeloStd,4073,DRXTOT_B,TELO_B
DRXTMOIS,TeloMean,4073,DRXTOT_B,TELO_B
DRXTMOIS,TeloStd,4073,DRXTOT_B,TELO_B
DRXTNIAC,TeloMean,4073,DRXTOT_B,TELO_B
DRXTNIAC,TeloStd,4073,DRXTOT_B,TELO_B
DRXTNUMF,TeloMean,4073,DRXTOT_B,TELO_B
DRXTNUMF,TeloStd,4073,DRXTOT_B,TELO_B
DRXTP182,TeloMean,4073,DRXTOT_B,TELO_B
DRXTP182,TeloStd,4073,DRXTOT_B,TELO_B
DRXTP183,TeloMean,4073,DRXTOT_B,TELO_B
DRXTP183,TeloStd,4073,DRXTOT_B,TELO_B
DRXTP184,TeloMean,4073,DRXTOT_B,TELO_B
DRXTP184,TeloStd,4073,DRXTOT_B,TELO_B
DRXTP204,TeloMean,4073,DRXTOT_B,TELO_B
DRXTP204,TeloStd,4073,DRXTOT_B,TELO_B
DRXTP205,TeloMean,4073,DRXTOT_B,TELO_B
DRXTP205,TeloStd,4073,DRXTOT_B,TELO_B
DRXTP225,TeloMean,4073,DRXTOT_B,TELO_B
DRXTP225,TeloStd,4073,DRXTOT_B,TELO_B
DRXTP226,TeloMean,4073,DRXTOT_B,TELO_B
DRXTP226,TeloStd,4073,DRXTOT_B,TELO_B
DRXTPFAT,TeloMean,4073,DRXTOT_B,TELO_B
DRXTPFAT,TeloStd,4073,DRXTOT_B,TELO_B
DRXTPHOS,TeloMean,4073,DRXTOT_B,TELO_B
DRXTPHOS,TeloStd,4073,DRXTOT_B,TELO_B
DRXTPOTA,TeloMean,4073,DRXTOT_B,TELO_B
DRXTPOTA,TeloStd,4073,DRXTOT_B,TELO_B
DRXTPROT,TeloMean,4073,DRXTOT_B,TELO_B
DRXTPROT,TeloStd,4073,DRXTOT_B,TELO_B
DRXTRET,TeloMean,4073,DRXTOT_B,TELO_B
DRXTRET,TeloStd,4073,DRXTOT_B,TELO_B
DRXTS040,TeloMean,4073,DRXTOT_B,TELO_B
DRXTS040,TeloStd,4073,DRXTOT_B,TELO_B
DRXTS060,TeloMean,4073,DRXTOT_B,TELO_B
DRXTS060,TeloStd,4073,DRXTOT_B,TELO_B
DRXTS080,TeloMean,4073,DRXTOT_B,TELO_B
DRXTS080,TeloStd,4073,DRXTOT_B,TELO_B
DRXTS100,TeloMean,4073,DRXTOT_B,TELO_B
DRXTS100,TeloStd,4073,DRXTOT_B,TELO_B
DRXTS120,TeloMean,4073,DRXTOT_B,TELO_B
DRXTS120,TeloStd,4073,DRXTOT_B,TELO_B
DRXTS140,TeloMean,4073,DRXTOT_B,TELO_B
DRXTS140,TeloStd,4073,DRXTOT_B,TELO_B
DRXTS160,TeloMean,4073,DRXTOT_B,TELO_B
DRXTS160,TeloStd,4073,DRXTOT_B,TELO_B
DRXTS180,TeloMean,4073,DRXTOT_B,TELO_B
DRXTS180,TeloStd,4073,DRXTOT_B,TELO_B
DRXTSELE,TeloMean,4073,DRXTOT_B,TELO_B
DRXTSELE,TeloStd,4073,DRXTOT_B,TELO_B
DRXTSFAT,TeloMean,4073,DRXTOT_B,TELO_B
DRXTSFAT,TeloStd,4073,DRXTOT_B,TELO_B
DRXTSUGR,TeloMean,4073,DRXTOT_B,TELO_B
DRXTSUGR,TeloStd,4073,DRXTOT_B,TELO_B
DRXTTFAT,TeloMean,4073,DRXTOT_B,TELO_B
DRXTTFAT,TeloStd,4073,DRXTOT_B,TELO_B
DRXTTHEO,TeloMean,4073,DRXTOT_B,TELO_B
DRXTTHEO,TeloStd,4073,DRXTOT_B,TELO_B
DRXTVARA,TeloMean,4073,DRXTOT_B,TELO_B
DRXTVARA,TeloStd,4073,DRXTOT_B,TELO_B
DRXTVB1,TeloMean,4073,DRXTOT_B,TELO_B
DRXTVB1,TeloStd,4073,DRXTOT_B,TELO_B
DRXTVB12,TeloMean,4073,DRXTOT_B,TELO_B
DRXTVB12,TeloStd,4073,DRXTOT_B,TELO_B
DRXTVB2,TeloMean,4073,DRXTOT_B,TELO_B
DRXTVB2,TeloStd,4073,DRXTOT_B,TELO_B
DRXTVB6,TeloMean,4073,DRXTOT_B,TELO_B
DRXTVB6,TeloStd,4073,DRXTOT_B,TELO_B
DRXTVC,TeloMean,4073,DRXTOT_B,TELO_B
DRXTVC,TeloStd,4073,DRXTOT_B,TELO_B
DRXTVK,TeloMean,4073,DRXTOT_B,TELO_B
DRXTVK,TeloStd,4073,DRXTOT_B,TELO_B
DRXTZINC,TeloMean,4073,DRXTOT_B,TELO_B
DRXTZINC,TeloStd,4073,DRXTOT_B,TELO_B
HOQ065,TeloMean,4219,HOQ_B,TELO_B
HOQ065,TeloStd,4219,HOQ_B,TELO_B
LB2ALC,TeloMean,414,VIT_2_B,TELO_B
LB2ALC,TeloStd,414,VIT_2_B,TELO_B
LB2BEC,TeloMean,414,VIT_2_B,TELO_B
LB2BEC,TeloStd,414,VIT_2_B,TELO_B
LB2CBC,TeloMean,414,VIT_2_B,TELO_B
LB2CBC,TeloStd,414,VIT_2_B,TELO_B
LB2CRY,TeloMean,414,VIT_2_B,TELO_B
LB2CRY,TeloStd,414,VIT_2_B,TELO_B
LB2GTC,TeloMean,414,VIT_2_B,TELO_B
LB2GTC,TeloStd,414,VIT_2_B,TELO_B
LB2LUZ,TeloMean,414,VIT_2_B,TELO_B
LB2LUZ,TeloStd,414,VIT_2_B,TELO_B
LB2LYC,TeloMean,414,VIT_2_B,TELO_B
LB2LYC,TeloStd,414,VIT_2_B,TELO_B
LB2RPL,TeloMean,405,VIT_2_B,TELO_B
LB2RPL,TeloStd,405,VIT_2_B,TELO_B
LB2RST,TeloMean,407,VIT_2_B,TELO_B
LB2RST,TeloStd,407,VIT_2_B,TELO_B
LB2VIA,TeloMean,414,VIT_2_B,TELO_B
LB2VIA,TeloStd,414,VIT_2_B,TELO_B
LB2VIE,TeloMean,414,VIT_2_B,TELO_B
LB2VIE,TeloStd,414,VIT_2_B,TELO_B
LB2B12,TeloMean,415,L06_2_B,TELO_B
LB2B12,TeloStd,415,L06_2_B,TELO_B
LB2BCD,TeloMean,419,L06_2_B,TELO_B
LB2BCD,TeloStd,419,L06_2_B,TELO_B
LB2BPB,TeloMean,419,L06_2_B,TELO_B
LB2BPB,TeloStd,419,L06_2_B,TELO_B
LB2COT,TeloMean,414,L06_2_B,TELO_B
LB2COT,TeloStd,414,L06_2_B,TELO_B
LB2THG,TeloMean,4,L06_2_B,TELO_B
LB2THG,TeloStd,4,L06_2_B,TELO_B
LB2ME,TeloMean,257,L19_2_B,TELO_B
LB2ME,TeloStd,257,L19_2_B,TELO_B
LB2RU,TeloMean,257,L19_2_B,TELO_B
LB2RU,TeloStd,257,L19_2_B,TELO_B
LB2VAR,TeloMean,257,L19_2_B,TELO_B
LB2VAR,TeloStd,257,L19_2_B,TELO_B
LB2VID,TeloMean,352,VID_2_B,TELO_B
LB2VID,TeloStd,352,VID_2_B,TELO_B
LBD199,TeloMean,1389,L28POC_B,TELO_B
LBD199,TeloStd,1389,L28POC_B,TELO_B
LBX052,TeloMean,1134,L28POC_B,TELO_B
LBX052,TeloStd,1134,L28POC_B,TELO_B
LBX066,TeloMean,1382,L28POC_B,TELO_B
LBX066,TeloStd,1382,L28POC_B,TELO_B
LBX074,TeloMean,1402,L28POC_B,TELO_B
LBX074,TeloStd,1402,L28POC_B,TELO_B
LBX087,TeloMean,1394,L28POC_B,TELO_B
LBX087,TeloStd,1394,L28POC_B,TELO_B
LBX099,TeloMean,1378,L28POC_B,TELO_B
LBX099,TeloStd,1378,L28POC_B,TELO_B
LBX101,TeloMean,1402,L28POC_B,TELO_B
LBX101,TeloStd,1402,L28POC_B,TELO_B
LBX105,TeloMean,1402,L28POC_B,TELO_B
LBX105,TeloStd,1402,L28POC_B,TELO_B
LBX110,TeloMean,1394,L28POC_B,TELO_B
LBX110,TeloStd,1394,L28POC_B,TELO_B
LBX118,TeloMean,1402,L28POC_B,TELO_B
LBX118,TeloStd,1402,L28POC_B,TELO_B
LBX128,TeloMean,1394,L28POC_B,TELO_B
LBX128,TeloStd,1394,L28POC_B,TELO_B
LBX138,TeloMean,1398,L28POC_B,TELO_B
LBX138,TeloStd,1398,L28POC_B,TELO_B
LBX146,TeloMean,1394,L28POC_B,TELO_B
LBX146,TeloStd,1394,L28POC_B,TELO_B
LBX149,TeloMean,1402,L28POC_B,TELO_B
LBX149,TeloStd,1402,L28POC_B,TELO_B
LBX151,TeloMean,1402,L28POC_B,TELO_B
LBX151,TeloStd,1402,L28POC_B,TELO_B
LBX153,TeloMean,1402,L28POC_B,TELO_B
LBX153,TeloStd,1402,L28POC_B,TELO_B
LBX156,TeloMean,1395,L28POC_B,TELO_B
LBX156,TeloStd,1395,L28POC_B,TELO_B
LBX157,TeloMean,1394,L28POC_B,TELO_B
LBX157,TeloStd,1394,L28POC_B,TELO_B
LBX167,TeloMean,1394,L28POC_B,TELO_B
LBX167,TeloStd,1394,L28POC_B,TELO_B
LBX170,TeloMean,1398,L28POC_B,TELO_B
LBX170,TeloStd,1398,L28POC_B,TELO_B
LBX172,TeloMean,1373,L28POC_B,TELO_B
LBX172,TeloStd,1373,L28POC_B,TELO_B
LBX177,TeloMean,1384,L28POC_B,TELO_B
LBX177,TeloStd,1384,L28POC_B,TELO_B
LBX178,TeloMean,1394,L28POC_B,TELO_B
LBX178,TeloStd,1394,L28POC_B,TELO_B
LBX180,TeloMean,1400,L28POC_B,TELO_B
LBX180,TeloStd,1400,L28POC_B,TELO_B
LBX183,TeloMean,1402,L28POC_B,TELO_B
LBX183,TeloStd,1402,L28POC_B,TELO_B
LBX187,TeloMean,1402,L28POC_B,TELO_B
LBX187,TeloStd,1402,L28POC_B,TELO_B
LBX189,TeloMean,1399,L28POC_B,TELO_B
LBX189,TeloStd,1399,L28POC_B,TELO_B
LBX194,TeloMean,1388,L28POC_B,TELO_B
LBX194,TeloStd,1388,L28POC_B,TELO_B
LBX195,TeloMean,1372,L28POC_B,TELO_B
LBX195,TeloStd,1372,L28POC_B,TELO_B
LBX196,TeloMean,1397,L28POC_B,TELO_B
LBX196,TeloStd,1397,L28POC_B,TELO_B
LBX206,TeloMean,1344,L28POC_B,TELO_B
LBX206,TeloStd,1344,L28POC_B,TELO_B
LBXALD,TeloMean,1374,L28POC_B,TELO_B
LBXALD,TeloStd,1374,L28POC_B,TELO_B
LBXBHC,TeloMean,1386,L28POC_B,TELO_B
LBXBHC,TeloStd,1386,L28POC_B,TELO_B
LBXD01,TeloMean,1211,L28POC_B,TELO_B
LBXD01,TeloStd,1211,L28POC_B,TELO_B
LBXD02,TeloMean,1214,L28POC_B,TELO_B
LBXD02,TeloStd,1214,L28POC_B,TELO_B
LBXD03,TeloMean,1209,L28POC_B,TELO_B
LBXD03,TeloStd,1209,L28POC_B,TELO_B
LBXD04,TeloMean,1213,L28POC_B,TELO_B
LBXD04,TeloStd,1213,L28POC_B,TELO_B
LBXD05,TeloMean,1195,L28POC_B,TELO_B
LBXD05,TeloStd,1195,L28POC_B,TELO_B
LBXD07,TeloMean,1147,L28POC_B,TELO_B
LBXD07,TeloStd,1147,L28POC_B,TELO_B
LBXDIE,TeloMean,1312,L28POC_B,TELO_B
LBXDIE,TeloStd,1312,L28POC_B,TELO_B
LBXEND,TeloMean,1320,L28POC_B,TELO_B
LBXEND,TeloStd,1320,L28POC_B,TELO_B
LBXF01,TeloMean,1206,L28POC_B,TELO_B
LBXF01,TeloStd,1206,L28POC_B,TELO_B
LBXF02,TeloMean,1210,L28POC_B,TELO_B
LBXF02,TeloStd,1210,L28POC_B,TELO_B
LBXF03,TeloMean,1206,L28POC_B,TELO_B
LBXF03,TeloStd,1206,L28POC_B,TELO_B
LBXF04,TeloMean,1199,L28POC_B,TELO_B
LBXF04,TeloStd,1199,L28POC_B,TELO_B
LBXF05,TeloMean,1212,L28POC_B,TELO_B
LBXF05,TeloStd,1212,L28POC_B,TELO_B
LBXF06,TeloMean,1199,L28POC_B,TELO_B
LBXF06,TeloStd,1199,L28POC_B,TELO_B
LBXF07,TeloMean,1205,L28POC_B,TELO_B
LBXF07,TeloStd,1205,L28POC_B,TELO_B
LBXF08,TeloMean,1194,L28POC_B,TELO_B
LBXF08,TeloStd,1194,L28POC_B,TELO_B
LBXF09,TeloMean,1199,L28POC_B,TELO_B
LBXF09,TeloStd,1199,L28POC_B,TELO_B
LBXF10,TeloMean,1178,L28POC_B,TELO_B
LBXF10,TeloStd,1178,L28POC_B,TELO_B
LBXGHC,TeloMean,1376,L28POC_B,TELO_B
LBXGHC,TeloStd,1376,L28POC_B,TELO_B
LBXHCB,TeloMean,1385,L28POC_B,TELO_B
LBXHCB,TeloStd,1385,L28POC_B,TELO_B
LBXHPE,TeloMean,1371,L28POC_B,TELO_B
LBXHPE,TeloStd,1371,L28POC_B,TELO_B
LBXHXC,TeloMean,1200,L28POC_B,TELO_B
LBXHXC,TeloStd,1200,L28POC_B,TELO_B
LBXMIR,TeloMean,1383,L28POC_B,TELO_B
LBXMIR,TeloStd,1383,L28POC_B,TELO_B
LBXODT,TeloMean,1379,L28POC_B,TELO_B
LBXODT,TeloStd,1379,L28POC_B,TELO_B
LBXOXY,TeloMean,1352,L28POC_B,TELO_B
LBXOXY,TeloStd,1352,L28POC_B,TELO_B
LBXPCB,TeloMean,1203,L28POC_B,TELO_B
LBXPCB,TeloStd,1203,L28POC_B,TELO_B
LBXPDE,TeloMean,1395,L28POC_B,TELO_B
LBXPDE,TeloStd,1395,L28POC_B,TELO_B
LBXPDT,TeloMean,1402,L28POC_B,TELO_B
LBXPDT,TeloStd,1402,L28POC_B,TELO_B
LBXTC2,TeloMean,1192,L28POC_B,TELO_B
LBXTC2,TeloStd,1192,L28POC_B,TELO_B
LBXTCD,TeloMean,1205,L28POC_B,TELO_B
LBXTCD,TeloStd,1205,L28POC_B,TELO_B
LBXTNA,TeloMean,1381,L28POC_B,TELO_B
LBXTNA,TeloStd,1381,L28POC_B,TELO_B
LBDB12SI,TeloMean,4252,L06_B,TELO_B
LBDB12SI,TeloStd,4252,L06_B,TELO_B
LBXB12,TeloMean,4252,L06_B,TELO_B
LBXB12,TeloStd,4252,L06_B,TELO_B
LBXBCD,TeloMean,4257,L06_B,TELO_B
LBXBCD,TeloStd,4257,L06_B,TELO_B
LBXBPB,TeloMean,4257,L06_B,TELO_B
LBXBPB,TeloStd,4257,L06_B,TELO_B
LBXCOT,TeloMean,4235,L06_B,TELO_B
LBXCOT,TeloStd,4235,L06_B,TELO_B
LBXIHG,TeloMean,1224,L06_B,TELO_B
LBXIHG,TeloStd,1224,L06_B,TELO_B
LBXTHG,TeloMean,1241,L06_B,TELO_B
LBXTHG,TeloStd,1241,L06_B,TELO_B
URXUHG,TeloMean,1227,L06_B,TELO_B
URXUHG,TeloStd,1227,L06_B,TELO_B
LBDHBG,TeloMean,4259,L02_B,TELO_B
LBDHBG,TeloStd,4259,L02_B,TELO_B
LBDHCV,TeloMean,4259,L02_B,TELO_B
LBDHCV,TeloStd,4259,L02_B,TELO_B
LBDHD,TeloMean,4259,L02_B,TELO_B
LBDHD,TeloStd,4259,L02_B,TELO_B
LBXHBC,TeloMean,4259,L02_B,TELO_B
LBXHBC,TeloStd,4259,L02_B,TELO_B
LBXHCR,TeloMean,112,L02_B,TELO_B
LBXHCR,TeloStd,112,L02_B,TELO_B
LBDRUIU,TeloMean,2310,L19_B,TELO_B
LBDRUIU,TeloStd,2310,L19_B,TELO_B
LBXME,TeloMean,2310,L19_B,TELO_B
LBXME,TeloStd,2310,L19_B,TELO_B
LBXVAR,TeloMean,2310,L19_B,TELO_B
LBXVAR,TeloStd,2310,L19_B,TELO_B
LBDVIDMS,TeloMean,4239,VID_B,TELO_B
LBDVIDMS,TeloStd,4239,VID_B,TELO_B
LBXALC,TeloMean,4252,L06VIT_B,TELO_B
LBXALC,TeloStd,4252,L06VIT_B,TELO_B
LBXBEC,TeloMean,4254,L06VIT_B,TELO_B
LBXBEC,TeloStd,4254,L06VIT_B,TELO_B
LBXCBC,TeloMean,4252,L06VIT_B,TELO_B
LBXCBC,TeloStd,4252,L06VIT_B,TELO_B
LBXCRY,TeloMean,4231,L06VIT_B,TELO_B
LBXCRY,TeloStd,4231,L06VIT_B,TELO_B
LBXGTC,TeloMean,4228,L06VIT_B,TELO_B
LBXGTC,TeloStd,4228,L06VIT_B,TELO_B
LBXLUZ,TeloMean,4248,L06VIT_B,TELO_B
LBXLUZ,TeloStd,4248,L06VIT_B,TELO_B
LBXLYC,TeloMean,4248,L06VIT_B,TELO_B
LBXLYC,TeloStd,4248,L06VIT_B,TELO_B
LBXRPL,TeloMean,4107,L06VIT_B,TELO_B
LBXRPL,TeloStd,4107,L06VIT_B,TELO_B
LBXRST,TeloMean,4129,L06VIT_B,TELO_B
LBXRST,TeloStd,4129,L06VIT_B,TELO_B
LBXVIA,TeloMean,4257,L06VIT_B,TELO_B
LBXVIA,TeloStd,4257,L06VIT_B,TELO_B
LBXVIE,TeloMean,4257,L06VIT_B,TELO_B
LBXVIE,TeloStd,4257,L06VIT_B,TELO_B
LBXBV,TeloMean,1115,l34_b,TELO_B
LBXBV,TeloStd,1115,l34_b,TELO_B
LBXTV,TeloMean,1116,l34_b,TELO_B
LBXTV,TeloStd,1116,l34_b,TELO_B
LBXCD4,TeloMean,21,L03_B,TELO_B
LBXCD4,TeloStd,21,L03_B,TELO_B
LBXCD8,TeloMean,21,L03_B,TELO_B
LBXCD8,TeloStd,21,L03_B,TELO_B
LBXHA,TeloMean,4259,L02HPA_B,TELO_B
LBXHA,TeloStd,4259,L02HPA_B,TELO_B
LBXHBS,TeloMean,4256,L02HBS_B,TELO_B
LBXHBS,TeloStd,4256,L02HBS_B,TELO_B
LBXHE1,TeloMean,2296,l09_b,TELO_B
LBXHE1,TeloStd,2296,l09_b,TELO_B
LBXHE2,TeloMean,2296,l09_b,TELO_B
LBXHE2,TeloStd,2296,l09_b,TELO_B
LBXMS1,TeloMean,4163,L35_B,TELO_B
LBXMS1,TeloStd,4163,L35_B,TELO_B
LBXSY1,TeloMean,2294,L36_B,TELO_B
LBXSY1,TeloStd,2294,L36_B,TELO_B
LBXTO3,TeloMean,4,L17_B,TELO_B
LBXTO3,TeloStd,4,L17_B,TELO_B
LBXTO4,TeloMean,2311,L17_B,TELO_B
LBXTO4,TeloStd,2311,L17_B,TELO_B
LBXTO4IN,TeloMean,2311,L17_B,TELO_B
LBXTO4IN,TeloStd,2311,L17_B,TELO_B
LBXTO5,TeloMean,2,L17_B,TELO_B
LBXTO5,TeloStd,2,L17_B,TELO_B
LBXTO5IN,TeloMean,2311,L17_B,TELO_B
LBXTO5IN,TeloStd,2311,L17_B,TELO_B
LBXV4C,TeloMean,886,L04VOC_B,TELO_B
LBXV4C,TeloStd,886,L04VOC_B,TELO_B
LBXVBF,TeloMean,716,L04VOC_B,TELO_B
LBXVBF,TeloStd,716,L04VOC_B,TELO_B
LBXVBM,TeloMean,724,L04VOC_B,TELO_B
LBXVBM,TeloStd,724,L04VOC_B,TELO_B
LBXVBZ,TeloMean,767,L04VOC_B,TELO_B
LBXVBZ,TeloStd,767,L04VOC_B,TELO_B
LBXVCF,TeloMean,685,L04VOC_B,TELO_B
LBXVCF,TeloStd,685,L04VOC_B,TELO_B
LBXVCM,TeloMean,721,L04VOC_B,TELO_B
LBXVCM,TeloStd,721,L04VOC_B,TELO_B
LBXVCT,TeloMean,685,L04VOC_B,TELO_B
LBXVCT,TeloStd,685,L04VOC_B,TELO_B
LBXVDB,TeloMean,736,L04VOC_B,TELO_B
LBXVDB,TeloStd,736,L04VOC_B,TELO_B
LBXVEB,TeloMean,805,L04VOC_B,TELO_B
LBXVEB,TeloStd,805,L04VOC_B,TELO_B
LBXVME,TeloMean,617,L04VOC_B,TELO_B
LBXVME,TeloStd,617,L04VOC_B,TELO_B
LBXVOX,TeloMean,891,L04VOC_B,TELO_B
LBXVOX,TeloStd,891,L04VOC_B,TELO_B
LBXVST,TeloMean,860,L04VOC_B,TELO_B
LBXVST,TeloStd,860,L04VOC_B,TELO_B
LBXVTC,TeloMean,837,L04VOC_B,TELO_B
LBXVTC,TeloStd,837,L04VOC_B,TELO_B
LBXVTO,TeloMean,866,L04VOC_B,TELO_B
LBXVTO,TeloStd,866,L04VOC_B,TELO_B
LBXVXY,TeloMean,877,L04VOC_B,TELO_B
LBXVXY,TeloStd,877,L04VOC_B,TELO_B
LBXVID,TeloMean,4239,L06VID_B,TELO_B
LBXVID,TeloStd,4239,L06VID_B,TELO_B
PAQ_home_met,TeloMean,4132,PAQ_B,TELO_B
PAQ_home_met,TeloStd,4132,PAQ_B,TELO_B
PAQ_home_week,TeloMean,4132,PAQ_B,TELO_B
PAQ_home_week,TeloStd,4132,PAQ_B,TELO_B
PAQ_leisure_met,TeloMean,4139,PAQ_B,TELO_B
PAQ_leisure_met,TeloStd,4139,PAQ_B,TELO_B
PAQ_sedentary_activity_min_per_day,TeloMean,0,PAQ_B,TELO_B
PAQ_sedentary_activity_min_per_day,TeloStd,0,PAQ_B,TELO_B
PAQ_strengthening_days,TeloMean,4130,PAQ_B,TELO_B
PAQ_strengthening_days,TeloStd,4130,PAQ_B,TELO_B
PAQ_strengthening_met,TeloMean,4130,PAQ_B,TELO_B
PAQ_strengthening_met,TeloStd,4130,PAQ_B,TELO_B
PAQ_strengthening_week,TeloMean,4130,PAQ_B,TELO_B
PAQ_strengthening_week,TeloStd,4130,PAQ_B,TELO_B
PAQ_total_met,TeloMean,4053,PAQ_B,TELO_B
PAQ_total_met,TeloStd,4053,PAQ_B,TELO_B
PAQ_walk_days,TeloMean,4124,PAQ_B,TELO_B
PAQ_walk_days,TeloStd,4124,PAQ_B,TELO_B
PAQ_walk_days_per_week,TeloMean,4124,PAQ_B,TELO_B
PAQ_walk_days_per_week,TeloStd,4124,PAQ_B,TELO_B
PAQ_walk_met,TeloMean,4124,PAQ_B,TELO_B
PAQ_walk_met,TeloStd,4124,PAQ_B,TELO_B
PAQ_work_met,TeloMean,4254,PAQ_B,TELO_B
PAQ_work_met,TeloStd,4254,PAQ_B,TELO_B
walk_min_per_day,TeloMean,965,PAQ_B,TELO_B
walk_min_per_day,TeloStd,965,PAQ_B,TELO_B
SMD415,TeloMean,868,SMQFAM_B,TELO_B
SMD415,TeloStd,868,SMQFAM_B,TELO_B
SMD415A,TeloMean,841,SMQFAM_B,TELO_B
SMD415A,TeloStd,841,SMQFAM_B,TELO_B
SMD630,TeloMean,0,SMQMEC_B,TELO_B
SMD630,TeloStd,0,SMQMEC_B,TELO_B
SMQ670,TeloMean,0,SMQMEC_B,TELO_B
SMQ670,TeloStd,0,SMQMEC_B,TELO_B
SMQ710,TeloMean,914,SMQMEC_B,TELO_B
SMQ710,TeloStd,914,SMQMEC_B,TELO_B
SMQ720,TeloMean,914,SMQMEC_B,TELO_B
SMQ720,TeloStd,914,SMQMEC_B,TELO_B
SMQ725,TeloMean,914,SMQMEC_B,TELO_B
SMQ725,TeloStd,914,SMQMEC_B,TELO_B
SMQ740,TeloMean,6,SMQMEC_B,TELO_B
SMQ740,TeloStd,6,SMQMEC_B,TELO_B
SMQ770,TeloMean,59,SMQMEC_B,TELO_B
SMQ770,TeloStd,59,SMQMEC_B,TELO_B
SMQ800,TeloMean,32,SMQMEC_B,TELO_B
SMQ800,TeloStd,32,SMQMEC_B,TELO_B
SMQ817,TeloMean,41,SMQMEC_B,TELO_B
SMQ817,TeloStd,41,SMQMEC_B,TELO_B
SMQ830,TeloMean,8,SMQMEC_B,TELO_B
SMQ830,TeloStd,8,SMQMEC_B,TELO_B
SMQ840,TeloMean,8,SMQMEC_B,TELO_B
SMQ840,TeloStd,8,SMQMEC_B,TELO_B
SMQ_current_ever_never,TeloMean,4254,SMQ_B,TELO_B
SMQ_current_ever_never,TeloStd,4254,SMQ_B,TELO_B
SMQ_how_long_since_quit_years,TeloMean,1122,SMQ_B,TELO_B
SMQ_how_long_since_quit_years,TeloStd,1122,SMQ_B,TELO_B
URX24D,TeloMean,1316,l26PP_B,TELO_B
URX24D,TeloStd,1316,l26PP_B,TELO_B
URX25T,TeloMean,1382,l26PP_B,TELO_B
URX25T,TeloStd,1382,l26PP_B,TELO_B
URX4FP,TeloMean,1383,l26PP_B,TELO_B
URX4FP,TeloStd,1383,l26PP_B,TELO_B
URXACE,TeloMean,1361,l26PP_B,TELO_B
URXACE,TeloStd,1361,l26PP_B,TELO_B
URXCB3,TeloMean,1383,l26PP_B,TELO_B
URXCB3,TeloStd,1383,l26PP_B,TELO_B
URXCCC,TeloMean,1383,l26PP_B,TELO_B
URXCCC,TeloStd,1383,l26PP_B,TELO_B
URXCMH,TeloMean,1345,l26PP_B,TELO_B
URXCMH,TeloStd,1345,l26PP_B,TELO_B
URXCPM,TeloMean,1363,l26PP_B,TELO_B
URXCPM,TeloStd,1363,l26PP_B,TELO_B
URXDEE,TeloMean,1382,l26PP_B,TELO_B
URXDEE,TeloStd,1382,l26PP_B,TELO_B
URXDIZ,TeloMean,1382,l26PP_B,TELO_B
URXDIZ,TeloStd,1382,l26PP_B,TELO_B
URXDPY,TeloMean,1353,l26PP_B,TELO_B
URXDPY,TeloStd,1353,l26PP_B,TELO_B
URXMET,TeloMean,1382,l26PP_B,TELO_B
URXMET,TeloStd,1382,l26PP_B,TELO_B
URXOP1,TeloMean,1370,l26PP_B,TELO_B
URXOP1,TeloStd,1370,l26PP_B,TELO_B
URXOP2,TeloMean,1370,l26PP_B,TELO_B
URXOP2,TeloStd,1370,l26PP_B,TELO_B
URXOP3,TeloMean,1369,l26PP_B,TELO_B
URXOP3,TeloStd,1369,l26PP_B,TELO_B
URXOP4,TeloMean,1369,l26PP_B,TELO_B
URXOP4,TeloStd,1369,l26PP_B,TELO_B
URXOP5,TeloMean,1369,l26PP_B,TELO_B
URXOP5,TeloStd,1369,l26PP_B,TELO_B
URXOP6,TeloMean,1365,l26PP_B,TELO_B
URXOP6,TeloStd,1365,l26PP_B,TELO_B
URXOPM,TeloMean,1383,l26PP_B,TELO_B
URXOPM,TeloStd,1383,l26PP_B,TELO_B
URXPAR,TeloMean,1349,l26PP_B,TELO_B
URXPAR,TeloStd,1349,l26PP_B,TELO_B
URXTCC,TeloMean,1378,l26PP_B,TELO_B
URXTCC,TeloStd,1378,l26PP_B,TELO_B
URXDAZ,TeloMean,1431,PHPYPA_B,TELO_B
URXDAZ,TeloStd,1431,PHPYPA_B,TELO_B
URXDMA,TeloMean,1431,PHPYPA_B,TELO_B
URXDMA,TeloStd,1431,PHPYPA_B,TELO_B
URXEQU,TeloMean,1431,PHPYPA_B,TELO_B
URXEQU,TeloStd,1431,PHPYPA_B,TELO_B
URXETD,TeloMean,1431,PHPYPA_B,TELO_B
URXETD,TeloStd,1431,PHPYPA_B,TELO_B
URXETL,TeloMean,1431,PHPYPA_B,TELO_B
URXETL,TeloStd,1431,PHPYPA_B,TELO_B
URXGNS,TeloMean,1431,PHPYPA_B,TELO_B
URXGNS,TeloStd,1431,PHPYPA_B,TELO_B
URXMBP,TeloMean,1426,PHPYPA_B,TELO_B
URXMBP,TeloStd,1426,PHPYPA_B,TELO_B
URXMC1,TeloMean,1426,PHPYPA_B,TELO_B
URXMC1,TeloStd,1426,PHPYPA_B,TELO_B
URXMCP,TeloMean,1426,PHPYPA_B,TELO_B
URXMCP,TeloStd,1426,PHPYPA_B,TELO_B
URXMEP,TeloMean,1426,PHPYPA_B,TELO_B
URXMEP,TeloStd,1426,PHPYPA_B,TELO_B
URXMHH,TeloMean,1426,PHPYPA_B,TELO_B
URXMHH,TeloStd,1426,PHPYPA_B,TELO_B
URXMHP,TeloMean,1426,PHPYPA_B,TELO_B
URXMHP,TeloStd,1426,PHPYPA_B,TELO_B
URXMIB,TeloMean,1426,PHPYPA_B,TELO_B
URXMIB,TeloStd,1426,PHPYPA_B,TELO_B
URXMNM,TeloMean,1426,PHPYPA_B,TELO_B
URXMNM,TeloStd,1426,PHPYPA_B,TELO_B
URXMNP,TeloMean,1426,PHPYPA_B,TELO_B
URXMNP,TeloStd,1426,PHPYPA_B,TELO_B
URXMOH,TeloMean,1426,PHPYPA_B,TELO_B
URXMOH,TeloStd,1426,PHPYPA_B,TELO_B
URXMOP,TeloMean,1426,PHPYPA_B,TELO_B
URXMOP,TeloStd,1426,PHPYPA_B,TELO_B
URXMZP,TeloMean,1426,PHPYPA_B,TELO_B
URXMZP,TeloStd,1426,PHPYPA_B,TELO_B
URXP01,TeloMean,1409,PHPYPA_B,TELO_B
URXP01,TeloStd,1409,PHPYPA_B,TELO_B
URXP02,TeloMean,1409,PHPYPA_B,TELO_B
URXP02,TeloStd,1409,PHPYPA_B,TELO_B
URXP03,TeloMean,1408,PHPYPA_B,TELO_B
URXP03,TeloStd,1408,PHPYPA_B,TELO_B
URXP04,TeloMean,1408,PHPYPA_B,TELO_B
URXP04,TeloStd,1408,PHPYPA_B,TELO_B
URXP05,TeloMean,1403,PHPYPA_B,TELO_B
URXP05,TeloStd,1403,PHPYPA_B,TELO_B
URXP06,TeloMean,1403,PHPYPA_B,TELO_B
URXP06,TeloStd,1403,PHPYPA_B,TELO_B
URXP07,TeloMean,1404,PHPYPA_B,TELO_B
URXP07,TeloStd,1404,PHPYPA_B,TELO_B
URXP09,TeloMean,0,PHPYPA_B,TELO_B
URXP09,TeloStd,0,PHPYPA_B,TELO_B
URXP10,TeloMean,1407,PHPYPA_B,TELO_B
URXP10,TeloStd,1407,PHPYPA_B,TELO_B
URXUBA,TeloMean,1365,L06HM_B,TELO_B
URXUBA,TeloStd,1365,L06HM_B,TELO_B
URXUBE,TeloMean,1365,L06HM_B,TELO_B
URXUBE,TeloStd,1365,L06HM_B,TELO_B
URXUCO,TeloMean,1365,L06HM_B,TELO_B
URXUCO,TeloStd,1365,L06HM_B,TELO_B
URXUCS,TeloMean,1365,L06HM_B,TELO_B
URXUCS,TeloStd,1365,L06HM_B,TELO_B
URXUMO,TeloMean,1365,L06HM_B,TELO_B
URXUMO,TeloStd,1365,L06HM_B,TELO_B
URXUPB,TeloMean,1365,L06HM_B,TELO_B
URXUPB,TeloStd,1365,L06HM_B,TELO_B
URXUPT,TeloMean,1365,L06HM_B,TELO_B
URXUPT,TeloStd,1365,L06HM_B,TELO_B
URXUSB,TeloMean,1365,L06HM_B,TELO_B
URXUSB,TeloStd,1365,L06HM_B,TELO_B
URXUTL,TeloMean,1351,L06HM_B,TELO_B
URXUTL,TeloStd,1351,L06HM_B,TELO_B
URXUTU,TeloMean,1352,L06HM_B,TELO_B
URXUTU,TeloStd,1352,L06HM_B,TELO_B
URXUCL,TeloMean,1524,L05_B,TELO_B
URXUCL,TeloStd,1524,L05_B,TELO_B
URXUGC,TeloMean,1524,L05_B,TELO_B
URXUGC,TeloStd,1524,L05_B,TELO_B
